kind,source_kind,source_family,source_path,container_path,archive_member,source_mtime,document_role,sha256,original_name,legacy_destination_path,destination_path
moved_clean_recovery,filesystem,my_project_priority,/Users/thomasbirnie/my_project/project-documents/priority/Section 2- Scale-Barrier Principle.pdf,,,2025-01-13T00:00:02+00:00,pdf_output,11142dd5902617ae244b5d0284fb7b4eb08585549481a0db336d73ecbab05a67,Section 2- Scale-Barrier Principle.pdf,/Users/thomasbirnie/Research-Consolidation/Millennium Prize Problems/Navier-Stokes/Consolidated-NS-TEX-PDF-Corpus-20260325-103223/pdf/Section 2- Scale-Barrier Principle__my_project_priority__2025-01-13.pdf,/Users/thomasbirnie/Research-Consolidation/Millennium Prize Problems/Navier-Stokes/Consolidated-NS-TEX-PDF-Corpus/Section 2- Scale-Barrier Principle__my_project_priority__2025-01-13.pdf
moved_clean_recovery,filesystem,my_project_priority,/Users/thomasbirnie/my_project/project-documents/priority/Unifying Stability in PDEs- A Single Invariance Perspective.tex,,,2025-03-07T14:29:04+00:00,standalone_tex,02ba0bfd8a1a8bb18dc442f327e83676fcad7df1ac427aa37922e37c3f38980e,Unifying Stability in PDEs- A Single Invariance Perspective.tex,/Users/thomasbirnie/Research-Consolidation/Millennium Prize Problems/Navier-Stokes/Consolidated-NS-TEX-PDF-Corpus-20260325-103223/tex/Unifying Stability in PDEs- A Single Invariance Perspective__my_project_priority__2025-03-07.tex,/Users/thomasbirnie/Research-Consolidation/Millennium Prize Problems/Navier-Stokes/Consolidated-NS-TEX-PDF-Corpus/Unifying Stability in PDEs- A Single Invariance Perspective__my_project_priority__2025-03-07.tex
moved_clean_recovery,filesystem,my_project_priority,/Users/thomasbirnie/my_project/project-documents/priority/Strong Convergence in L2 Using Compactness.tex,,,2025-03-07T14:29:04+00:00,standalone_tex,7cc1f368fb86ff9d2535a0e1d874f6f09f0d52ba7009d9f194385f9b4f7596be,Strong Convergence in L2 Using Compactness.tex,/Users/thomasbirnie/Research-Consolidation/Millennium Prize Problems/Navier-Stokes/Consolidated-NS-TEX-PDF-Corpus-20260325-103223/tex/Strong Convergence in L2 Using Compactness__my_project_priority__2025-03-07.tex,/Users/thomasbirnie/Research-Consolidation/Millennium Prize Problems/Navier-Stokes/Consolidated-NS-TEX-PDF-Corpus/Strong Convergence in L2 Using Compactness__my_project_priority__2025-03-07.tex
moved_clean_recovery,filesystem,my_project_priority,/Users/thomasbirnie/my_project/project-documents/priority/Conclusion- Smooth Solutions for All Time.pdf,,,2025-01-13T01:56:43+00:00,pdf_output,0e5d1c6f8a7938a4833c9938fbd7a09dc8e48882b4095bb0e10418b613509661,Conclusion- Smooth Solutions for All Time.pdf,/Users/thomasbirnie/Research-Consolidation/Millennium Prize Problems/Navier-Stokes/Consolidated-NS-TEX-PDF-Corpus-20260325-103223/pdf/Conclusion- Smooth Solutions for All Time__my_project_priority__2025-01-13.pdf,/Users/thomasbirnie/Research-Consolidation/Millennium Prize Problems/Navier-Stokes/Consolidated-NS-TEX-PDF-Corpus/Conclusion- Smooth Solutions for All Time__my_project_priority__2025-01-13.pdf
moved_clean_recovery,filesystem,my_project_priority,/Users/thomasbirnie/my_project/project-documents/priority/Section_2-_Scale-Barrier_Principle.tex,,,2025-03-07T14:53:35+00:00,fragment_tex,8819ffa55271232c81f5a9d1e80e4194ad5f21ee3f2670e37d0c82128f393644,Section_2-_Scale-Barrier_Principle.tex,/Users/thomasbirnie/Research-Consolidation/Millennium Prize Problems/Navier-Stokes/Consolidated-NS-TEX-PDF-Corpus-20260325-103223/tex/Section_2-_Scale-Barrier_Principle__my_project_priority__2025-03-07.tex,/Users/thomasbirnie/Research-Consolidation/Millennium Prize Problems/Navier-Stokes/Consolidated-NS-TEX-PDF-Corpus/Section_2-_Scale-Barrier_Principle__my_project_priority__2025-03-07.tex
moved_clean_recovery,filesystem,my_project_priority,/Users/thomasbirnie/my_project/project-documents/priority/Section 4- Non-Sobolev Compactness.tex,,,2025-03-07T14:29:04+00:00,standalone_tex,02009323097bd02ca9ed9f78b23ff7f5de3ae95e941c152222b8cc29a6c9b0af,Section 4- Non-Sobolev Compactness.tex,/Users/thomasbirnie/Research-Consolidation/Millennium Prize Problems/Navier-Stokes/Consolidated-NS-TEX-PDF-Corpus-20260325-103223/tex/Section 4- Non-Sobolev Compactness__my_project_priority__2025-03-07.tex,/Users/thomasbirnie/Research-Consolidation/Millennium Prize Problems/Navier-Stokes/Consolidated-NS-TEX-PDF-Corpus/Section 4- Non-Sobolev Compactness__my_project_priority__2025-03-07.tex
moved_clean_recovery,filesystem,my_project_priority,/Users/thomasbirnie/my_project/project-documents/priority/Strong Convergence in L2 Using Compactness.pdf,,,2025-01-13T01:51:22+00:00,pdf_output,d3662f5c255c549d1f1929af3b6442ebe507d0161d17eeccc9bd2a5d3c8868b2,Strong Convergence in L2 Using Compactness.pdf,/Users/thomasbirnie/Research-Consolidation/Millennium Prize Problems/Navier-Stokes/Consolidated-NS-TEX-PDF-Corpus-20260325-103223/pdf/Strong Convergence in L2 Using Compactness__my_project_priority__2025-01-13.pdf,/Users/thomasbirnie/Research-Consolidation/Millennium Prize Problems/Navier-Stokes/Consolidated-NS-TEX-PDF-Corpus/Strong Convergence in L2 Using Compactness__my_project_priority__2025-01-13.pdf
moved_clean_recovery,filesystem,my_project_priority,/Users/thomasbirnie/my_project/project-documents/priority/Comparisons_to_Known_Results.tex,,,2025-03-07T14:53:35+00:00,fragment_tex,7c6ed6f439b0340ecb0bdf109e1021a74a3d1eef6791b6607697b75168b0925a,Comparisons_to_Known_Results.tex,/Users/thomasbirnie/Research-Consolidation/Millennium Prize Problems/Navier-Stokes/Consolidated-NS-TEX-PDF-Corpus-20260325-103223/tex/Comparisons_to_Known_Results__my_project_priority__2025-03-07.tex,/Users/thomasbirnie/Research-Consolidation/Millennium Prize Problems/Navier-Stokes/Consolidated-NS-TEX-PDF-Corpus/Comparisons_to_Known_Results__my_project_priority__2025-03-07.tex
moved_clean_recovery,filesystem,my_project_priority,/Users/thomasbirnie/my_project/project-documents/priority/Section 2- Scale-Barrier Principle.tex,,,2025-03-07T14:29:04+00:00,standalone_tex,63ff31078e8688036cb5f6d46baed33566e60d367f33d0e8f56f82dc827e6294,Section 2- Scale-Barrier Principle.tex,/Users/thomasbirnie/Research-Consolidation/Millennium Prize Problems/Navier-Stokes/Consolidated-NS-TEX-PDF-Corpus-20260325-103223/tex/Section 2- Scale-Barrier Principle__my_project_priority__2025-03-07.tex,/Users/thomasbirnie/Research-Consolidation/Millennium Prize Problems/Navier-Stokes/Consolidated-NS-TEX-PDF-Corpus/Section 2- Scale-Barrier Principle__my_project_priority__2025-03-07.tex
moved_clean_recovery,filesystem,my_project_priority,/Users/thomasbirnie/my_project/project-documents/priority/Section 3- Monotone Functional.pdf,,,2025-01-13T00:17:52+00:00,pdf_output,8a229e32440dbb2b61120e8ccbcb2c958e91484f3e1b83b2ed8260b5987fb194,Section 3- Monotone Functional.pdf,/Users/thomasbirnie/Research-Consolidation/Millennium Prize Problems/Navier-Stokes/Consolidated-NS-TEX-PDF-Corpus-20260325-103223/pdf/Section 3- Monotone Functional__my_project_priority__2025-01-13.pdf,/Users/thomasbirnie/Research-Consolidation/Millennium Prize Problems/Navier-Stokes/Consolidated-NS-TEX-PDF-Corpus/Section 3- Monotone Functional__my_project_priority__2025-01-13.pdf
moved_clean_recovery,filesystem,my_project_priority,/Users/thomasbirnie/my_project/project-documents/priority/Strong_Convergence_in_L2_Using_Compactness.tex,,,2025-03-07T14:53:35+00:00,fragment_tex,5ef978511d910c63ac43a204529a0fb549f59d0b1dda6b7a5a1042c0cfcaf0f0,Strong_Convergence_in_L2_Using_Compactness.tex,/Users/thomasbirnie/Research-Consolidation/Millennium Prize Problems/Navier-Stokes/Consolidated-NS-TEX-PDF-Corpus-20260325-103223/tex/Strong_Convergence_in_L2_Using_Compactness__my_project_priority__2025-03-07.tex,/Users/thomasbirnie/Research-Consolidation/Millennium Prize Problems/Navier-Stokes/Consolidated-NS-TEX-PDF-Corpus/Strong_Convergence_in_L2_Using_Compactness__my_project_priority__2025-03-07.tex
moved_clean_recovery,filesystem,my_project_priority,/Users/thomasbirnie/my_project/project-documents/priority/Unifying_Stability_in_PDEs-_A_Single_Invariance_Perspective.tex,,,2025-03-07T14:53:35+00:00,fragment_tex,1fba77ccd73eebe01de93d8d04adcf3b43a1361b00aeafccdbf2c0ed32c09669,Unifying_Stability_in_PDEs-_A_Single_Invariance_Perspective.tex,/Users/thomasbirnie/Research-Consolidation/Millennium Prize Problems/Navier-Stokes/Consolidated-NS-TEX-PDF-Corpus-20260325-103223/tex/Unifying_Stability_in_PDEs-_A_Single_Invariance_Perspective__my_project_priority__2025-03-07.tex,/Users/thomasbirnie/Research-Consolidation/Millennium Prize Problems/Navier-Stokes/Consolidated-NS-TEX-PDF-Corpus/Unifying_Stability_in_PDEs-_A_Single_Invariance_Perspective__my_project_priority__2025-03-07.tex
moved_clean_recovery,filesystem,my_project_priority,/Users/thomasbirnie/my_project/project-documents/priority/Section_4-_Non-Sobolev_Compactness.tex,,,2025-03-07T14:53:35+00:00,fragment_tex,7b0d0b8848b0ef89a32846e695ff9064a829bc683be37e5c6c6025bdce1a8e75,Section_4-_Non-Sobolev_Compactness.tex,/Users/thomasbirnie/Research-Consolidation/Millennium Prize Problems/Navier-Stokes/Consolidated-NS-TEX-PDF-Corpus-20260325-103223/tex/Section_4-_Non-Sobolev_Compactness__my_project_priority__2025-03-07.tex,/Users/thomasbirnie/Research-Consolidation/Millennium Prize Problems/Navier-Stokes/Consolidated-NS-TEX-PDF-Corpus/Section_4-_Non-Sobolev_Compactness__my_project_priority__2025-03-07.tex
moved_clean_recovery,filesystem,my_project_priority,/Users/thomasbirnie/my_project/project-documents/priority/Section_3-_Monotone_Functional.tex,,,2025-03-07T14:53:35+00:00,fragment_tex,af5087b2afe5455da0cf4a7b965a1604f26307004b7d2599c6e632c80b914d3d,Section_3-_Monotone_Functional.tex,/Users/thomasbirnie/Research-Consolidation/Millennium Prize Problems/Navier-Stokes/Consolidated-NS-TEX-PDF-Corpus-20260325-103223/tex/Section_3-_Monotone_Functional__my_project_priority__2025-03-07.tex,/Users/thomasbirnie/Research-Consolidation/Millennium Prize Problems/Navier-Stokes/Consolidated-NS-TEX-PDF-Corpus/Section_3-_Monotone_Functional__my_project_priority__2025-03-07.tex
moved_clean_recovery,filesystem,my_project_priority,/Users/thomasbirnie/my_project/project-documents/priority/Section 3- Monotone Functional.tex,,,2025-03-07T14:29:04+00:00,standalone_tex,c306bb322443d546a726c44c149b5dcdf053086d7b645a244d88d9a1853ef1cd,Section 3- Monotone Functional.tex,/Users/thomasbirnie/Research-Consolidation/Millennium Prize Problems/Navier-Stokes/Consolidated-NS-TEX-PDF-Corpus-20260325-103223/tex/Section 3- Monotone Functional__my_project_priority__2025-03-07.tex,/Users/thomasbirnie/Research-Consolidation/Millennium Prize Problems/Navier-Stokes/Consolidated-NS-TEX-PDF-Corpus/Section 3- Monotone Functional__my_project_priority__2025-03-07.tex
moved_clean_recovery,filesystem,my_project_priority,/Users/thomasbirnie/my_project/project-documents/priority/Comparisons to Known Results.tex,,,2025-03-07T14:29:04+00:00,standalone_tex,a333656bc6fc0baccddc599153dedbaf593d7d256ce85449d0953e2128c86536,Comparisons to Known Results.tex,/Users/thomasbirnie/Research-Consolidation/Millennium Prize Problems/Navier-Stokes/Consolidated-NS-TEX-PDF-Corpus-20260325-103223/tex/Comparisons to Known Results__my_project_priority__2025-03-07.tex,/Users/thomasbirnie/Research-Consolidation/Millennium Prize Problems/Navier-Stokes/Consolidated-NS-TEX-PDF-Corpus/Comparisons to Known Results__my_project_priority__2025-03-07.tex
moved_clean_recovery,zip_entry,desktop_zip_working_directory,/Users/thomasbirnie/Desktop/Screenshot/Navier-stokes.zip,/Users/thomasbirnie/Desktop/Screenshot/Navier-stokes.zip,A Framework Toward the Millennium Prize Problem on the NavierΓÇôStokes Equations.tex,2025-01-17T06:33:54+00:00,standalone_tex,90ef9f1bec6b067b6bd7960c81073a77ddf1ed24768f49ea572bea3d920357a2,A Framework Toward the Millennium Prize Problem on the Navier-Stokes Equations.tex,/Users/thomasbirnie/Research-Consolidation/Millennium Prize Problems/Navier-Stokes/Consolidated-NS-TEX-PDF-Corpus-20260325-103223/tex/A Framework Toward the Millennium Prize Problem on the NavierCoStokes Equations__desktop_navier_stokes_zip__2025-01-17.tex,/Users/thomasbirnie/Research-Consolidation/Millennium Prize Problems/Navier-Stokes/Consolidated-NS-TEX-PDF-Corpus/A Framework Toward the Millennium Prize Problem on the Navier-Stokes Equations__desktop_navier_stokes_zip__2025-01-17.tex
moved_clean_recovery,zip_entry,desktop_zip_working_directory,/Users/thomasbirnie/Desktop/Screenshot/Navier-stokes.zip,/Users/thomasbirnie/Desktop/Screenshot/Navier-stokes.zip,A Rigorous Theoretical Framework for Global Regularity of the NavierΓÇôStokes Equations.tex,2025-01-25T09:16:28+00:00,standalone_tex,2928dcca72acec028b2be8d00776fc878d0c6429f897fbac9ae699ae5e2c2ddf,A Rigorous Theoretical Framework for Global Regularity of the Navier-Stokes Equations.tex,/Users/thomasbirnie/Research-Consolidation/Millennium Prize Problems/Navier-Stokes/Consolidated-NS-TEX-PDF-Corpus-20260325-103223/tex/A Rigorous Theoretical Framework for Global Regularity of the NavierCoStokes Equations__desktop_navier_stokes_zip__2025-01-25.tex,/Users/thomasbirnie/Research-Consolidation/Millennium Prize Problems/Navier-Stokes/Consolidated-NS-TEX-PDF-Corpus/A Rigorous Theoretical Framework for Global Regularity of the Navier-Stokes Equations__desktop_navier_stokes_zip__2025-01-25.tex
moved_clean_recovery,zip_entry,desktop_zip_working_directory,/Users/thomasbirnie/Desktop/Screenshot/Navier-stokes.zip,/Users/thomasbirnie/Desktop/Screenshot/Navier-stokes.zip,"A Uni∩¼üed Framework for the Global Regularity of 3D NavierΓÇôStokes EquationsMoreover, the framework o∩¼Çers a transferable methodology for stabilizing other complex PDE system.tex",2025-01-17T06:33:54+00:00,standalone_tex,fa033cf29bfcbd0490dfef5c06b57b3d16298c1b81997ae9a0d17111bd577699,"A Unified Framework for the Global Regularity of 3D Navier-Stokes EquationsMoreover, the framework offers a transferable methodology for stabilizing other complex PDE system.tex","/Users/thomasbirnie/Research-Consolidation/Millennium Prize Problems/Navier-Stokes/Consolidated-NS-TEX-PDF-Corpus-20260325-103223/tex/A Uni14ued Framework for the Global Regularity of 3D NavierCoStokes EquationsMoreover, the framework o14Cers a transferable methodology for stabilizing other complex PDE system__desktop_navier_stokes_zip__2025-01-17.tex","/Users/thomasbirnie/Research-Consolidation/Millennium Prize Problems/Navier-Stokes/Consolidated-NS-TEX-PDF-Corpus/A Unified Framework for the Global Regularity of 3D Navier-Stokes EquationsMoreover, the framework offers a transferable methodology for stabilizing other complex PDE system__desktop_navier_stokes_zip__2025-01-17.tex"
moved_clean_recovery,zip_entry,desktop_zip_working_directory,/Users/thomasbirnie/Desktop/Screenshot/Navier-stokes.zip,/Users/thomasbirnie/Desktop/Screenshot/Navier-stokes.zip,Compactness Proof for Discrete NavierΓÇôStokes Solutions.tex,2025-01-10T11:08:38+00:00,standalone_tex,e4894d044f0f2c89dd27139f8e3d570f7159b754541965785ec2c998bea5c90c,Compactness Proof for Discrete Navier-Stokes Solutions.tex,/Users/thomasbirnie/Research-Consolidation/Millennium Prize Problems/Navier-Stokes/Consolidated-NS-TEX-PDF-Corpus-20260325-103223/tex/Compactness Proof for Discrete NavierCoStokes Solutions__desktop_navier_stokes_zip__2025-01-10.tex,/Users/thomasbirnie/Research-Consolidation/Millennium Prize Problems/Navier-Stokes/Consolidated-NS-TEX-PDF-Corpus/Compactness Proof for Discrete Navier-Stokes Solutions__desktop_navier_stokes_zip__2025-01-10.tex
moved_clean_recovery,zip_entry,desktop_zip_working_directory,/Users/thomasbirnie/Desktop/Screenshot/Navier-stokes.zip,/Users/thomasbirnie/Desktop/Screenshot/Navier-stokes.zip,Comparisons to Known Results.tex,2025-01-12T18:58:08+00:00,standalone_tex,0ce8d5bba61fbb6eb32e893499f23e03681880517f961fa800885942ffe8b6ab,Comparisons to Known Results.tex,/Users/thomasbirnie/Research-Consolidation/Millennium Prize Problems/Navier-Stokes/Consolidated-NS-TEX-PDF-Corpus-20260325-103223/tex/Comparisons to Known Results__desktop_navier_stokes_zip__2025-01-12.tex,/Users/thomasbirnie/Research-Consolidation/Millennium Prize Problems/Navier-Stokes/Consolidated-NS-TEX-PDF-Corpus/Comparisons to Known Results__desktop_navier_stokes_zip__2025-01-12.tex
moved_clean_recovery,zip_entry,desktop_zip_working_directory,/Users/thomasbirnie/Desktop/Screenshot/Navier-stokes.zip,/Users/thomasbirnie/Desktop/Screenshot/Navier-stokes.zip,Conclusion- Smooth Solutions for All Time.tex,2025-01-12T18:55:56+00:00,standalone_tex,7be7dd7584cb6fbc3086fe234faaa7e971dea95a3b14e4770933673163bee134,Conclusion- Smooth Solutions for All Time.tex,/Users/thomasbirnie/Research-Consolidation/Millennium Prize Problems/Navier-Stokes/Consolidated-NS-TEX-PDF-Corpus-20260325-103223/tex/Conclusion- Smooth Solutions for All Time__desktop_navier_stokes_zip__2025-01-12.tex,/Users/thomasbirnie/Research-Consolidation/Millennium Prize Problems/Navier-Stokes/Consolidated-NS-TEX-PDF-Corpus/Conclusion- Smooth Solutions for All Time__desktop_navier_stokes_zip__2025-01-12.tex
moved_clean_recovery,zip_entry,desktop_zip_working_directory,/Users/thomasbirnie/Desktop/Screenshot/Navier-stokes.zip,/Users/thomasbirnie/Desktop/Screenshot/Navier-stokes.zip,Energy Boundedness via Q(t) - A Re∩¼üned Framework for Global Regularity.tex,2025-01-12T18:40:08+00:00,standalone_tex,f9940e859957bf526ea973bd40ae741a7ad2f3d87638e88b8621a9b45e34e569,Energy Boundedness via Q(t) - A Refined Framework for Global Regularity.tex,/Users/thomasbirnie/Research-Consolidation/Millennium Prize Problems/Navier-Stokes/Consolidated-NS-TEX-PDF-Corpus-20260325-103223/tex/Energy Boundedness via Q(t) - A Re14uned Framework for Global Regularity__desktop_navier_stokes_zip__2025-01-12.tex,/Users/thomasbirnie/Research-Consolidation/Millennium Prize Problems/Navier-Stokes/Consolidated-NS-TEX-PDF-Corpus/Energy Boundedness via Q(t) - A Refined Framework for Global Regularity__desktop_navier_stokes_zip__2025-01-12.tex
moved_clean_recovery,zip_entry,desktop_zip_working_directory,/Users/thomasbirnie/Desktop/Screenshot/Navier-stokes.zip,/Users/thomasbirnie/Desktop/Screenshot/Navier-stokes.zip,Energy Boundedness via Q(t) for Global Regularity.tex,2025-01-12T18:25:34+00:00,standalone_tex,59e8c7adabe05f23c54c09f6ec6c0c869c1677c6c7d82600bd012111969d67ec,Energy Boundedness via Q(t) for Global Regularity.tex,/Users/thomasbirnie/Research-Consolidation/Millennium Prize Problems/Navier-Stokes/Consolidated-NS-TEX-PDF-Corpus-20260325-103223/tex/Energy Boundedness via Q(t) for Global Regularity__desktop_navier_stokes_zip__2025-01-12.tex,/Users/thomasbirnie/Research-Consolidation/Millennium Prize Problems/Navier-Stokes/Consolidated-NS-TEX-PDF-Corpus/Energy Boundedness via Q(t) for Global Regularity__desktop_navier_stokes_zip__2025-01-12.tex
moved_clean_recovery,zip_entry,desktop_zip_working_directory,/Users/thomasbirnie/Desktop/Screenshot/Navier-stokes.zip,/Users/thomasbirnie/Desktop/Screenshot/Navier-stokes.zip,General Framework for Partial Di∩¼Çerential Equations (PDEs).tex,2025-01-13T15:02:42+00:00,standalone_tex,700c9f67dd2c2b7f36065c9a34f1e9c40a6f35425f74d62d74702dfc3468a85c,General Framework for Partial Differential Equations (PDEs).tex,/Users/thomasbirnie/Research-Consolidation/Millennium Prize Problems/Navier-Stokes/Consolidated-NS-TEX-PDF-Corpus-20260325-103223/tex/General Framework for Partial Di14Cerential Equations (PDEs)__desktop_navier_stokes_zip__2025-01-13.tex,/Users/thomasbirnie/Research-Consolidation/Millennium Prize Problems/Navier-Stokes/Consolidated-NS-TEX-PDF-Corpus/General Framework for Partial Differential Equations (PDEs)__desktop_navier_stokes_zip__2025-01-13.tex
moved_clean_recovery,zip_entry,desktop_zip_working_directory,/Users/thomasbirnie/Desktop/Screenshot/Navier-stokes.zip,/Users/thomasbirnie/Desktop/Screenshot/Navier-stokes.zip,Global Regularity for the 3D NavierΓÇôStokes Equations.tex,2025-01-12T11:45:50+00:00,standalone_tex,2023fd7197a492e05523b3b514b59c5a818b2a7155c1df3acd55e1d223e25754,Global Regularity for the 3D Navier-Stokes Equations.tex,/Users/thomasbirnie/Research-Consolidation/Millennium Prize Problems/Navier-Stokes/Consolidated-NS-TEX-PDF-Corpus-20260325-103223/tex/Global Regularity for the 3D NavierCoStokes Equations__desktop_navier_stokes_zip__2025-01-12.tex,/Users/thomasbirnie/Research-Consolidation/Millennium Prize Problems/Navier-Stokes/Consolidated-NS-TEX-PDF-Corpus/Global Regularity for the 3D Navier-Stokes Equations__desktop_navier_stokes_zip__2025-01-12.tex
moved_clean_recovery,zip_entry,desktop_zip_working_directory,/Users/thomasbirnie/Desktop/Screenshot/Navier-stokes.zip,/Users/thomasbirnie/Desktop/Screenshot/Navier-stokes.zip,Global Regularity Framework for Arbitrary Initial Data in L2.tex,2025-01-12T18:53:06+00:00,standalone_tex,b9761dbac38d6834eab8eded98ffa0fe2ba7b6ef615d49702cf138a5630d8d7c,Global Regularity Framework for Arbitrary Initial Data in L2.tex,/Users/thomasbirnie/Research-Consolidation/Millennium Prize Problems/Navier-Stokes/Consolidated-NS-TEX-PDF-Corpus-20260325-103223/tex/Global Regularity Framework for Arbitrary Initial Data in L2__desktop_navier_stokes_zip__2025-01-12.tex,/Users/thomasbirnie/Research-Consolidation/Millennium Prize Problems/Navier-Stokes/Consolidated-NS-TEX-PDF-Corpus/Global Regularity Framework for Arbitrary Initial Data in L2__desktop_navier_stokes_zip__2025-01-12.tex
moved_clean_recovery,zip_entry,desktop_zip_working_directory,/Users/thomasbirnie/Desktop/Screenshot/Navier-stokes.zip,/Users/thomasbirnie/Desktop/Screenshot/Navier-stokes.zip,Global Regularity of the 3D NavierΓÇôStokes Equations.tex,2025-01-25T09:13:38+00:00,standalone_tex,923c51a6dd8584e40060656a7c51fdb139e3c1e85c2316cbf57c41d1e7d8ca28,Global Regularity of the 3D Navier-Stokes Equations.tex,/Users/thomasbirnie/Research-Consolidation/Millennium Prize Problems/Navier-Stokes/Consolidated-NS-TEX-PDF-Corpus-20260325-103223/tex/Global Regularity of the 3D NavierCoStokes Equations__desktop_navier_stokes_zip__2025-01-25.tex,/Users/thomasbirnie/Research-Consolidation/Millennium Prize Problems/Navier-Stokes/Consolidated-NS-TEX-PDF-Corpus/Global Regularity of the 3D Navier-Stokes Equations__desktop_navier_stokes_zip__2025-01-25.tex
moved_clean_recovery,zip_entry,desktop_zip_working_directory,/Users/thomasbirnie/Desktop/Screenshot/Navier-stokes.zip,/Users/thomasbirnie/Desktop/Screenshot/Navier-stokes.zip,Gradient Control Through Geometric Arguments.tex,2025-01-12T18:54:46+00:00,standalone_tex,04354d65afaa4024db4b41d52f75aee8380e6d4042c3d899485eb042681a55ce,Gradient Control Through Geometric Arguments.tex,/Users/thomasbirnie/Research-Consolidation/Millennium Prize Problems/Navier-Stokes/Consolidated-NS-TEX-PDF-Corpus-20260325-103223/tex/Gradient Control Through Geometric Arguments__desktop_navier_stokes_zip__2025-01-12.tex,/Users/thomasbirnie/Research-Consolidation/Millennium Prize Problems/Navier-Stokes/Consolidated-NS-TEX-PDF-Corpus/Gradient Control Through Geometric Arguments__desktop_navier_stokes_zip__2025-01-12.tex
moved_clean_recovery,zip_entry,desktop_zip_working_directory,/Users/thomasbirnie/Desktop/Screenshot/Navier-stokes.zip,/Users/thomasbirnie/Desktop/Screenshot/Navier-stokes.zip,Mild Initial Conditions for Global Regularity.tex,2025-01-12T18:16:48+00:00,standalone_tex,85e307ca1e08d9260209df79dae9b6ff9f5ce220bbdb6d41aa388f852be9be10,Mild Initial Conditions for Global Regularity.tex,/Users/thomasbirnie/Research-Consolidation/Millennium Prize Problems/Navier-Stokes/Consolidated-NS-TEX-PDF-Corpus-20260325-103223/tex/Mild Initial Conditions for Global Regularity__desktop_navier_stokes_zip__2025-01-12.tex,/Users/thomasbirnie/Research-Consolidation/Millennium Prize Problems/Navier-Stokes/Consolidated-NS-TEX-PDF-Corpus/Mild Initial Conditions for Global Regularity__desktop_navier_stokes_zip__2025-01-12.tex
moved_clean_recovery,zip_entry,desktop_zip_working_directory,/Users/thomasbirnie/Desktop/Screenshot/Navier-stokes.zip,/Users/thomasbirnie/Desktop/Screenshot/Navier-stokes.zip,navier_stokes_proo2f.tex,2025-01-29T14:00:02+00:00,standalone_tex,217e1da7af9ddd166f6cf32d0f5744b6c5bb74daa728052be8610731ebc47d2f,navier_stokes_proo2f.tex,/Users/thomasbirnie/Research-Consolidation/Millennium Prize Problems/Navier-Stokes/Consolidated-NS-TEX-PDF-Corpus-20260325-103223/tex/navier_stokes_proo2f__desktop_navier_stokes_zip__2025-01-29.tex,/Users/thomasbirnie/Research-Consolidation/Millennium Prize Problems/Navier-Stokes/Consolidated-NS-TEX-PDF-Corpus/navier_stokes_proo2f__desktop_navier_stokes_zip__2025-01-29.tex
moved_clean_recovery,zip_entry,desktop_zip_working_directory,/Users/thomasbirnie/Desktop/Screenshot/Navier-stokes.zip,/Users/thomasbirnie/Desktop/Screenshot/Navier-stokes.zip,navier_stokes_proof.tex,2025-01-29T13:36:52+00:00,standalone_tex,5d8dd6f3797f6eb081b4b9de67ec260d5a94513ecce910708f58c2cecf01dac2,navier_stokes_proof.tex,/Users/thomasbirnie/Research-Consolidation/Millennium Prize Problems/Navier-Stokes/Consolidated-NS-TEX-PDF-Corpus-20260325-103223/tex/navier_stokes_proof__desktop_navier_stokes_zip__2025-01-29.tex,/Users/thomasbirnie/Research-Consolidation/Millennium Prize Problems/Navier-Stokes/Consolidated-NS-TEX-PDF-Corpus/navier_stokes_proof__desktop_navier_stokes_zip__2025-01-29.tex
moved_clean_recovery,zip_entry,desktop_zip_working_directory,/Users/thomasbirnie/Desktop/Screenshot/Navier-stokes.zip,/Users/thomasbirnie/Desktop/Screenshot/Navier-stokes.zip,Proof of Global Regularity for Morphic-Regularized Navier-Stokes Equations.tex,2025-01-08T11:24:54+00:00,standalone_tex,3fa337c011d5ef2a49706168d44d458a1b42f09a14e27037d7b24b849b4eedda,Proof of Global Regularity for Morphic-Regularized Navier-Stokes Equations.tex,/Users/thomasbirnie/Research-Consolidation/Millennium Prize Problems/Navier-Stokes/Consolidated-NS-TEX-PDF-Corpus-20260325-103223/tex/Proof of Global Regularity for Morphic-Regularized Navier-Stokes Equations__desktop_navier_stokes_zip__2025-01-08.tex,/Users/thomasbirnie/Research-Consolidation/Millennium Prize Problems/Navier-Stokes/Consolidated-NS-TEX-PDF-Corpus/Proof of Global Regularity for Morphic-Regularized Navier-Stokes Equations__desktop_navier_stokes_zip__2025-01-08.tex
moved_clean_recovery,zip_entry,desktop_zip_working_directory,/Users/thomasbirnie/Desktop/Screenshot/Navier-stokes.zip,/Users/thomasbirnie/Desktop/Screenshot/Navier-stokes.zip,Rigorous Mapping Between Discrete and Continuous Representations of the NavierΓÇôStokes Equations and Proof of Global Smoothness.tex,2025-01-10T11:09:44+00:00,standalone_tex,818e5e4a8de38e6082a5fcb2f607a632b69fa955138084f00aba51c2e37740cf,Rigorous Mapping Between Discrete and Continuous Representations of the Navier-Stokes Equations and Proof of Global Smoothness.tex,/Users/thomasbirnie/Research-Consolidation/Millennium Prize Problems/Navier-Stokes/Consolidated-NS-TEX-PDF-Corpus-20260325-103223/tex/Rigorous Mapping Between Discrete and Continuous Representations of the NavierCoStokes Equations and Proof of Global Smoothness__desktop_navier_stokes_zip__2025-01-10.tex,/Users/thomasbirnie/Research-Consolidation/Millennium Prize Problems/Navier-Stokes/Consolidated-NS-TEX-PDF-Corpus/Rigorous Mapping Between Discrete and Continuous Representations of the Navier-Stokes Equations and Proof of Global Smoothness__desktop_navier_stokes_zip__2025-01-10.tex
moved_clean_recovery,zip_entry,desktop_zip_working_directory,/Users/thomasbirnie/Desktop/Screenshot/Navier-stokes.zip,/Users/thomasbirnie/Desktop/Screenshot/Navier-stokes.zip,Section 2- Scale-Barrier Principle.tex,2025-01-12T17:00:00+00:00,standalone_tex,14c005d09d4fa4e5191839bfd1d68eba6eae094f533c7f5533c084d97d8b32aa,Section 2- Scale-Barrier Principle.tex,/Users/thomasbirnie/Research-Consolidation/Millennium Prize Problems/Navier-Stokes/Consolidated-NS-TEX-PDF-Corpus-20260325-103223/tex/Section 2- Scale-Barrier Principle__desktop_navier_stokes_zip__2025-01-12.tex,/Users/thomasbirnie/Research-Consolidation/Millennium Prize Problems/Navier-Stokes/Consolidated-NS-TEX-PDF-Corpus/Section 2- Scale-Barrier Principle__desktop_navier_stokes_zip__2025-01-12.tex
moved_clean_recovery,zip_entry,desktop_zip_working_directory,/Users/thomasbirnie/Desktop/Screenshot/Navier-stokes.zip,/Users/thomasbirnie/Desktop/Screenshot/Navier-stokes.zip,Section 3- Monotone Functional.tex,2025-01-12T17:13:20+00:00,standalone_tex,e494054f048b75e4351e92288934e84e624e8e2588779a94ee0ca539b23c08dc,Section 3- Monotone Functional.tex,/Users/thomasbirnie/Research-Consolidation/Millennium Prize Problems/Navier-Stokes/Consolidated-NS-TEX-PDF-Corpus-20260325-103223/tex/Section 3- Monotone Functional__desktop_navier_stokes_zip__2025-01-12.tex,/Users/thomasbirnie/Research-Consolidation/Millennium Prize Problems/Navier-Stokes/Consolidated-NS-TEX-PDF-Corpus/Section 3- Monotone Functional__desktop_navier_stokes_zip__2025-01-12.tex
moved_clean_recovery,zip_entry,desktop_zip_working_directory,/Users/thomasbirnie/Desktop/Screenshot/Navier-stokes.zip,/Users/thomasbirnie/Desktop/Screenshot/Navier-stokes.zip,Section 4- Non-Sobolev Compactness.tex,2025-01-12T17:27:50+00:00,standalone_tex,823101085b044377d838d9100cd32c9f939a8a55742ec6f938d8e5c21f55d293,Section 4- Non-Sobolev Compactness.tex,/Users/thomasbirnie/Research-Consolidation/Millennium Prize Problems/Navier-Stokes/Consolidated-NS-TEX-PDF-Corpus-20260325-103223/tex/Section 4- Non-Sobolev Compactness__desktop_navier_stokes_zip__2025-01-12.tex,/Users/thomasbirnie/Research-Consolidation/Millennium Prize Problems/Navier-Stokes/Consolidated-NS-TEX-PDF-Corpus/Section 4- Non-Sobolev Compactness__desktop_navier_stokes_zip__2025-01-12.tex
moved_clean_recovery,zip_entry,desktop_zip_working_directory,/Users/thomasbirnie/Desktop/Screenshot/Navier-stokes.zip,/Users/thomasbirnie/Desktop/Screenshot/Navier-stokes.zip,Section 5- Curvature-Based Regularity.tex,2025-01-12T17:50:26+00:00,standalone_tex,17ee90225570de40027f5ed2cfa84caeb87df7039ae8699ee9fd70e0cf1d9a24,Section 5- Curvature-Based Regularity.tex,/Users/thomasbirnie/Research-Consolidation/Millennium Prize Problems/Navier-Stokes/Consolidated-NS-TEX-PDF-Corpus-20260325-103223/tex/Section 5- Curvature-Based Regularity__desktop_navier_stokes_zip__2025-01-12.tex,/Users/thomasbirnie/Research-Consolidation/Millennium Prize Problems/Navier-Stokes/Consolidated-NS-TEX-PDF-Corpus/Section 5- Curvature-Based Regularity__desktop_navier_stokes_zip__2025-01-12.tex
moved_clean_recovery,zip_entry,desktop_zip_working_directory,/Users/thomasbirnie/Desktop/Screenshot/Navier-stokes.zip,/Users/thomasbirnie/Desktop/Screenshot/Navier-stokes.zip,Section 6- Interdependencies Among Principles.tex,2025-01-12T18:04:34+00:00,standalone_tex,a411569ef42a249f9a0568052b5f6525ed9c7a78b08438267f89cbe43d572e34,Section 6- Interdependencies Among Principles.tex,/Users/thomasbirnie/Research-Consolidation/Millennium Prize Problems/Navier-Stokes/Consolidated-NS-TEX-PDF-Corpus-20260325-103223/tex/Section 6- Interdependencies Among Principles__desktop_navier_stokes_zip__2025-01-12.tex,/Users/thomasbirnie/Research-Consolidation/Millennium Prize Problems/Navier-Stokes/Consolidated-NS-TEX-PDF-Corpus/Section 6- Interdependencies Among Principles__desktop_navier_stokes_zip__2025-01-12.tex
moved_clean_recovery,zip_entry,desktop_zip_working_directory,/Users/thomasbirnie/Desktop/Screenshot/Navier-stokes.zip,/Users/thomasbirnie/Desktop/Screenshot/Navier-stokes.zip,Strong Convergence in L2 Using Compactness.tex,2025-01-12T18:42:02+00:00,standalone_tex,4ffa3e03448c62f61faf7a2b666bd10fdcea70b370cbf06638e77208859bc13b,Strong Convergence in L2 Using Compactness.tex,/Users/thomasbirnie/Research-Consolidation/Millennium Prize Problems/Navier-Stokes/Consolidated-NS-TEX-PDF-Corpus-20260325-103223/tex/Strong Convergence in L2 Using Compactness__desktop_navier_stokes_zip__2025-01-12.tex,/Users/thomasbirnie/Research-Consolidation/Millennium Prize Problems/Navier-Stokes/Consolidated-NS-TEX-PDF-Corpus/Strong Convergence in L2 Using Compactness__desktop_navier_stokes_zip__2025-01-12.tex
moved_clean_recovery,zip_entry,desktop_zip_working_directory,/Users/thomasbirnie/Desktop/Screenshot/Navier-stokes.zip,/Users/thomasbirnie/Desktop/Screenshot/Navier-stokes.zip,Towards a Proof of Global Regularity for the NavierΓÇôStokes Equations.tex,2025-01-11T16:33:08+00:00,standalone_tex,055d355b27327d345d1ac8f4afcf16cd420f99ddb516b0598f9133963e41cda8,Towards a Proof of Global Regularity for the Navier-Stokes Equations.tex,/Users/thomasbirnie/Research-Consolidation/Millennium Prize Problems/Navier-Stokes/Consolidated-NS-TEX-PDF-Corpus-20260325-103223/tex/Towards a Proof of Global Regularity for the NavierCoStokes Equations__desktop_navier_stokes_zip__2025-01-11.tex,/Users/thomasbirnie/Research-Consolidation/Millennium Prize Problems/Navier-Stokes/Consolidated-NS-TEX-PDF-Corpus/Towards a Proof of Global Regularity for the Navier-Stokes Equations__desktop_navier_stokes_zip__2025-01-11.tex
moved_clean_recovery,zip_entry,desktop_zip_working_directory,/Users/thomasbirnie/Desktop/Screenshot/Navier-stokes.zip,/Users/thomasbirnie/Desktop/Screenshot/Navier-stokes.zip,Unifying Stability in PDEs- A Single Invariance Perspective.tex,2025-01-12T22:42:44+00:00,standalone_tex,369a4ba7afb3d22aa73f6c21a8498a46ff5dceac8d6b7284b3576cab5f8c6d5e,Unifying Stability in PDEs- A Single Invariance Perspective.tex,/Users/thomasbirnie/Research-Consolidation/Millennium Prize Problems/Navier-Stokes/Consolidated-NS-TEX-PDF-Corpus-20260325-103223/tex/Unifying Stability in PDEs- A Single Invariance Perspective__desktop_navier_stokes_zip__2025-01-12.tex,/Users/thomasbirnie/Research-Consolidation/Millennium Prize Problems/Navier-Stokes/Consolidated-NS-TEX-PDF-Corpus/Unifying Stability in PDEs- A Single Invariance Perspective__desktop_navier_stokes_zip__2025-01-12.tex
moved_clean_recovery,zip_entry,desktop_zip_working_directory,/Users/thomasbirnie/Desktop/Screenshot/Navier-stokes.zip,/Users/thomasbirnie/Desktop/Screenshot/Navier-stokes.zip,Uni∩¼üed Invariance in PDE Stability- Dissolving the Cyclical Framework.tex,2025-01-12T22:23:12+00:00,standalone_tex,404e856a772990d649075248d14fcf5749aa0291ef075e6c63b1e25cad9497b9,Unified Invariance in PDE Stability- Dissolving the Cyclical Framework.tex,/Users/thomasbirnie/Research-Consolidation/Millennium Prize Problems/Navier-Stokes/Consolidated-NS-TEX-PDF-Corpus-20260325-103223/tex/Uni14ued Invariance in PDE Stability- Dissolving the Cyclical Framework__desktop_navier_stokes_zip__2025-01-12.tex,/Users/thomasbirnie/Research-Consolidation/Millennium Prize Problems/Navier-Stokes/Consolidated-NS-TEX-PDF-Corpus/Unified Invariance in PDE Stability- Dissolving the Cyclical Framework__desktop_navier_stokes_zip__2025-01-12.tex
moved_clean_recovery,tar_entry,problem_tree_submission_package,/Users/thomasbirnie/Research-Consolidation/problems/navier-stokes/external-paper/dist/navier-stokes-conditional-journal-package.tar.gz,/Users/thomasbirnie/Research-Consolidation/problems/navier-stokes/external-paper/dist/navier-stokes-conditional-journal-package.tar.gz,main.tex,2026-03-16T22:37:45.133725+00:00,standalone_tex,a187b30eac3ed42e10d5b93dec7f8e39f7aee51903b066673b0485914d819072,main.tex,/Users/thomasbirnie/Research-Consolidation/Millennium Prize Problems/Navier-Stokes/Consolidated-NS-TEX-PDF-Corpus-20260325-103223/tex/main__navier-stokes-conditional-journal-package__2026-03-16.tex,/Users/thomasbirnie/Research-Consolidation/Millennium Prize Problems/Navier-Stokes/Consolidated-NS-TEX-PDF-Corpus/main__navier-stokes-conditional-journal-package__2026-03-16.tex
moved_clean_recovery,tar_entry,problem_tree_submission_package,/Users/thomasbirnie/Research-Consolidation/problems/navier-stokes/external-paper/dist/navier-stokes-conditional-journal-package.tar.gz,/Users/thomasbirnie/Research-Consolidation/problems/navier-stokes/external-paper/dist/navier-stokes-conditional-journal-package.tar.gz,metadata.tex,2026-03-16T22:37:45.133600+00:00,fragment_tex,88fd3b2d325d6c5189f909dbda16933352e927809c4579facc7e119b2713ce59,metadata.tex,/Users/thomasbirnie/Research-Consolidation/Millennium Prize Problems/Navier-Stokes/Consolidated-NS-TEX-PDF-Corpus-20260325-103223/tex/metadata__navier-stokes-conditional-journal-package__2026-03-16.tex,/Users/thomasbirnie/Research-Consolidation/Millennium Prize Problems/Navier-Stokes/Consolidated-NS-TEX-PDF-Corpus/metadata__navier-stokes-conditional-journal-package__2026-03-16.tex
moved_clean_recovery,tar_entry,problem_tree_submission_package,/Users/thomasbirnie/Research-Consolidation/problems/navier-stokes/external-paper/dist/navier-stokes-conditional-journal-package.tar.gz,/Users/thomasbirnie/Research-Consolidation/problems/navier-stokes/external-paper/dist/navier-stokes-conditional-journal-package.tar.gz,appendix.tex,2026-03-16T22:26:49.064836+00:00,fragment_tex,3fc3ad0d463fb06f5e3c358fc5e9653866dc43223c03f082d33d4dbaf8ef0784,appendix.tex,/Users/thomasbirnie/Research-Consolidation/Millennium Prize Problems/Navier-Stokes/Consolidated-NS-TEX-PDF-Corpus-20260325-103223/tex/appendix__navier-stokes-conditional-journal-package__2026-03-16.tex,/Users/thomasbirnie/Research-Consolidation/Millennium Prize Problems/Navier-Stokes/Consolidated-NS-TEX-PDF-Corpus/appendix__navier-stokes-conditional-journal-package__2026-03-16.tex
moved_clean_recovery,tar_entry,problem_tree_submission_package,/Users/thomasbirnie/Research-Consolidation/problems/navier-stokes/external-paper/dist/navier-stokes-conditional-journal-package.tar.gz,/Users/thomasbirnie/Research-Consolidation/problems/navier-stokes/external-paper/dist/navier-stokes-conditional-journal-package.tar.gz,sections/bridge-compactness.tex,2026-03-16T22:26:26.544086+00:00,fragment_tex,60fe43c31277eccfe6e5bd24f2be993a0a72a27062cd379d304dbc17428f2e9c,bridge-compactness.tex,/Users/thomasbirnie/Research-Consolidation/Millennium Prize Problems/Navier-Stokes/Consolidated-NS-TEX-PDF-Corpus-20260325-103223/tex/bridge-compactness__navier-stokes-conditional-journal-package__2026-03-16.tex,/Users/thomasbirnie/Research-Consolidation/Millennium Prize Problems/Navier-Stokes/Consolidated-NS-TEX-PDF-Corpus/bridge-compactness__navier-stokes-conditional-journal-package__2026-03-16.tex
moved_clean_recovery,tar_entry,problem_tree_submission_package,/Users/thomasbirnie/Research-Consolidation/problems/navier-stokes/external-paper/dist/navier-stokes-conditional-journal-package.tar.gz,/Users/thomasbirnie/Research-Consolidation/problems/navier-stokes/external-paper/dist/navier-stokes-conditional-journal-package.tar.gz,sections/prior-work-limits.tex,2026-03-16T22:37:45.134249+00:00,fragment_tex,8a2edef5f89880d97ccae5c4cb351f7911c75508f098b8ddea68bbf3b91d0289,prior-work-limits.tex,/Users/thomasbirnie/Research-Consolidation/Millennium Prize Problems/Navier-Stokes/Consolidated-NS-TEX-PDF-Corpus-20260325-103223/tex/prior-work-limits__navier-stokes-conditional-journal-package__2026-03-16.tex,/Users/thomasbirnie/Research-Consolidation/Millennium Prize Problems/Navier-Stokes/Consolidated-NS-TEX-PDF-Corpus/prior-work-limits__navier-stokes-conditional-journal-package__2026-03-16.tex
moved_clean_recovery,tar_entry,problem_tree_submission_package,/Users/thomasbirnie/Research-Consolidation/problems/navier-stokes/external-paper/dist/navier-stokes-conditional-journal-package.tar.gz,/Users/thomasbirnie/Research-Consolidation/problems/navier-stokes/external-paper/dist/navier-stokes-conditional-journal-package.tar.gz,sections/conclusion.tex,2026-03-16T22:26:44.322754+00:00,fragment_tex,afded99564ef7c124cfd5b3596b0e67b8572105cc9d9d7a6ce0d23fb04ec0dc8,conclusion.tex,/Users/thomasbirnie/Research-Consolidation/Millennium Prize Problems/Navier-Stokes/Consolidated-NS-TEX-PDF-Corpus-20260325-103223/tex/conclusion__navier-stokes-conditional-journal-package__2026-03-16.tex,/Users/thomasbirnie/Research-Consolidation/Millennium Prize Problems/Navier-Stokes/Consolidated-NS-TEX-PDF-Corpus/conclusion__navier-stokes-conditional-journal-package__2026-03-16.tex
moved_clean_recovery,tar_entry,problem_tree_submission_package,/Users/thomasbirnie/Research-Consolidation/problems/navier-stokes/external-paper/dist/navier-stokes-conditional-journal-package.tar.gz,/Users/thomasbirnie/Research-Consolidation/problems/navier-stokes/external-paper/dist/navier-stokes-conditional-journal-package.tar.gz,sections/bridge-gradient-control.tex,2026-03-16T22:26:31.759674+00:00,fragment_tex,57672cf3a73aa47b5bcc90bd32f29015bd72f28500fd0ac2529f3fc6d74e82ac,bridge-gradient-control.tex,/Users/thomasbirnie/Research-Consolidation/Millennium Prize Problems/Navier-Stokes/Consolidated-NS-TEX-PDF-Corpus-20260325-103223/tex/bridge-gradient-control__navier-stokes-conditional-journal-package__2026-03-16.tex,/Users/thomasbirnie/Research-Consolidation/Millennium Prize Problems/Navier-Stokes/Consolidated-NS-TEX-PDF-Corpus/bridge-gradient-control__navier-stokes-conditional-journal-package__2026-03-16.tex
moved_clean_recovery,tar_entry,problem_tree_submission_package,/Users/thomasbirnie/Research-Consolidation/problems/navier-stokes/external-paper/dist/navier-stokes-conditional-journal-package.tar.gz,/Users/thomasbirnie/Research-Consolidation/problems/navier-stokes/external-paper/dist/navier-stokes-conditional-journal-package.tar.gz,sections/abstract.tex,2026-03-16T22:37:45.133823+00:00,fragment_tex,ddac4b2e67a31df9fff0786879dc7f39816dd2a11e1a740aba43dad8406bf741,abstract.tex,/Users/thomasbirnie/Research-Consolidation/Millennium Prize Problems/Navier-Stokes/Consolidated-NS-TEX-PDF-Corpus-20260325-103223/tex/abstract__navier-stokes-conditional-journal-package__2026-03-16.tex,/Users/thomasbirnie/Research-Consolidation/Millennium Prize Problems/Navier-Stokes/Consolidated-NS-TEX-PDF-Corpus/abstract__navier-stokes-conditional-journal-package__2026-03-16.tex
moved_clean_recovery,tar_entry,problem_tree_submission_package,/Users/thomasbirnie/Research-Consolidation/problems/navier-stokes/external-paper/dist/navier-stokes-conditional-journal-package.tar.gz,/Users/thomasbirnie/Research-Consolidation/problems/navier-stokes/external-paper/dist/navier-stokes-conditional-journal-package.tar.gz,sections/setup-notation.tex,2026-03-16T22:37:45.134146+00:00,fragment_tex,ad509bfa715366be9e9a4b0c4d0a999bc5b8031c54dde54c8c74d98094be29ef,setup-notation.tex,/Users/thomasbirnie/Research-Consolidation/Millennium Prize Problems/Navier-Stokes/Consolidated-NS-TEX-PDF-Corpus-20260325-103223/tex/setup-notation__navier-stokes-conditional-journal-package__2026-03-16.tex,/Users/thomasbirnie/Research-Consolidation/Millennium Prize Problems/Navier-Stokes/Consolidated-NS-TEX-PDF-Corpus/setup-notation__navier-stokes-conditional-journal-package__2026-03-16.tex
moved_clean_recovery,tar_entry,problem_tree_submission_package,/Users/thomasbirnie/Research-Consolidation/problems/navier-stokes/external-paper/dist/navier-stokes-conditional-journal-package.tar.gz,/Users/thomasbirnie/Research-Consolidation/problems/navier-stokes/external-paper/dist/navier-stokes-conditional-journal-package.tar.gz,sections/introduction.tex,2026-03-16T22:37:45.133940+00:00,fragment_tex,bd100419ca5c827c9a3cbdde2eae089056460ab6770afedb20bab3e571b22403,introduction.tex,/Users/thomasbirnie/Research-Consolidation/Millennium Prize Problems/Navier-Stokes/Consolidated-NS-TEX-PDF-Corpus-20260325-103223/tex/introduction__navier-stokes-conditional-journal-package__2026-03-16.tex,/Users/thomasbirnie/Research-Consolidation/Millennium Prize Problems/Navier-Stokes/Consolidated-NS-TEX-PDF-Corpus/introduction__navier-stokes-conditional-journal-package__2026-03-16.tex
moved_clean_recovery,tar_entry,problem_tree_submission_package,/Users/thomasbirnie/Research-Consolidation/problems/navier-stokes/external-paper/dist/navier-stokes-conditional-journal-package.tar.gz,/Users/thomasbirnie/Research-Consolidation/problems/navier-stokes/external-paper/dist/navier-stokes-conditional-journal-package.tar.gz,sections/main-proof.tex,2026-03-16T22:26:37.056815+00:00,fragment_tex,dd79a53acd697f5c110f41e06f9a124d898a3e32dbb00c648e5cede6d9fca320,main-proof.tex,/Users/thomasbirnie/Research-Consolidation/Millennium Prize Problems/Navier-Stokes/Consolidated-NS-TEX-PDF-Corpus-20260325-103223/tex/main-proof__navier-stokes-conditional-journal-package__2026-03-16.tex,/Users/thomasbirnie/Research-Consolidation/Millennium Prize Problems/Navier-Stokes/Consolidated-NS-TEX-PDF-Corpus/main-proof__navier-stokes-conditional-journal-package__2026-03-16.tex
moved_clean_recovery,tar_entry,problem_tree_submission_package,/Users/thomasbirnie/Research-Consolidation/problems/navier-stokes/external-paper/dist/navier-stokes-conditional-journal-package.tar.gz,/Users/thomasbirnie/Research-Consolidation/problems/navier-stokes/external-paper/dist/navier-stokes-conditional-journal-package.tar.gz,sections/bridge-scale-barrier.tex,2026-03-16T22:26:20.168955+00:00,fragment_tex,831b098a5ea09fdb81596501b51793c35a1cb3a91017ed3d31184bcf16db5578,bridge-scale-barrier.tex,/Users/thomasbirnie/Research-Consolidation/Millennium Prize Problems/Navier-Stokes/Consolidated-NS-TEX-PDF-Corpus-20260325-103223/tex/bridge-scale-barrier__navier-stokes-conditional-journal-package__2026-03-16.tex,/Users/thomasbirnie/Research-Consolidation/Millennium Prize Problems/Navier-Stokes/Consolidated-NS-TEX-PDF-Corpus/bridge-scale-barrier__navier-stokes-conditional-journal-package__2026-03-16.tex
moved_clean_recovery,tar_entry,problem_tree_submission_package,/Users/thomasbirnie/Research-Consolidation/problems/navier-stokes/external-paper/dist/navier-stokes-conditional-journal-package.tar.gz,/Users/thomasbirnie/Research-Consolidation/problems/navier-stokes/external-paper/dist/navier-stokes-conditional-journal-package.tar.gz,sections/main-result.tex,2026-03-16T22:37:45.134048+00:00,fragment_tex,338db8684802c64b52c8a19caca80e7893c1cf96f1c6d36cf831863f64a34388,main-result.tex,/Users/thomasbirnie/Research-Consolidation/Millennium Prize Problems/Navier-Stokes/Consolidated-NS-TEX-PDF-Corpus-20260325-103223/tex/main-result__navier-stokes-conditional-journal-package__2026-03-16.tex,/Users/thomasbirnie/Research-Consolidation/Millennium Prize Problems/Navier-Stokes/Consolidated-NS-TEX-PDF-Corpus/main-result__navier-stokes-conditional-journal-package__2026-03-16.tex
moved_clean_recovery,tar_entry,problem_tree_submission_package,/Users/thomasbirnie/Research-Consolidation/problems/navier-stokes/external-paper/dist/navier-stokes-conditional-journal-package.tar.gz,/Users/thomasbirnie/Research-Consolidation/problems/navier-stokes/external-paper/dist/navier-stokes-conditional-journal-package.tar.gz,main.pdf,2026-03-16T22:38:46.671005+00:00,pdf_output,cd41e49376dac40329a189f66706c15de1d69c35d8c1d9868e8f72be9fffe459,main.pdf,/Users/thomasbirnie/Research-Consolidation/Millennium Prize Problems/Navier-Stokes/Consolidated-NS-TEX-PDF-Corpus-20260325-103223/pdf/main__navier-stokes-conditional-journal-package__2026-03-16.pdf,/Users/thomasbirnie/Research-Consolidation/Millennium Prize Problems/Navier-Stokes/Consolidated-NS-TEX-PDF-Corpus/main__navier-stokes-conditional-journal-package__2026-03-16.pdf
moved_clean_recovery,tar_entry,problem_tree_submission_package,/Users/thomasbirnie/Research-Consolidation/problems/navier-stokes/external-paper/dist/navier-stokes-full-claim-arxiv-source.tar.gz,/Users/thomasbirnie/Research-Consolidation/problems/navier-stokes/external-paper/dist/navier-stokes-full-claim-arxiv-source.tar.gz,main.tex,2026-03-17T22:49:03.955054+00:00,standalone_tex,7adc1f45bd4f03963eff2b128e8c3924e62094e1a3622f97bf64f5b3306a8009,main.tex,/Users/thomasbirnie/Research-Consolidation/Millennium Prize Problems/Navier-Stokes/Consolidated-NS-TEX-PDF-Corpus-20260325-103223/tex/main__navier-stokes-full-claim-arxiv-source__2026-03-17.tex,/Users/thomasbirnie/Research-Consolidation/Millennium Prize Problems/Navier-Stokes/Consolidated-NS-TEX-PDF-Corpus/main__navier-stokes-full-claim-arxiv-source__2026-03-17.tex
moved_clean_recovery,tar_entry,problem_tree_submission_package,/Users/thomasbirnie/Research-Consolidation/problems/navier-stokes/external-paper/dist/navier-stokes-full-claim-arxiv-source.tar.gz,/Users/thomasbirnie/Research-Consolidation/problems/navier-stokes/external-paper/dist/navier-stokes-full-claim-arxiv-source.tar.gz,metadata.tex,2026-03-17T22:49:03.955539+00:00,fragment_tex,dd05ed0bc2039f34da0f4553b09c979869fd64f19a6e0fd8f3e0d76314eeabd9,metadata.tex,/Users/thomasbirnie/Research-Consolidation/Millennium Prize Problems/Navier-Stokes/Consolidated-NS-TEX-PDF-Corpus-20260325-103223/tex/metadata__navier-stokes-full-claim-arxiv-source__2026-03-17.tex,/Users/thomasbirnie/Research-Consolidation/Millennium Prize Problems/Navier-Stokes/Consolidated-NS-TEX-PDF-Corpus/metadata__navier-stokes-full-claim-arxiv-source__2026-03-17.tex
moved_clean_recovery,tar_entry,problem_tree_submission_package,/Users/thomasbirnie/Research-Consolidation/problems/navier-stokes/external-paper/dist/navier-stokes-full-claim-arxiv-source.tar.gz,/Users/thomasbirnie/Research-Consolidation/problems/navier-stokes/external-paper/dist/navier-stokes-full-claim-arxiv-source.tar.gz,appendix.tex,2026-03-17T22:49:03.957830+00:00,fragment_tex,64cd755db8f796b592e6d7ad09ca74416bdbb3ea02af77969d25ef4a019b7a15,appendix.tex,/Users/thomasbirnie/Research-Consolidation/Millennium Prize Problems/Navier-Stokes/Consolidated-NS-TEX-PDF-Corpus-20260325-103223/tex/appendix__navier-stokes-full-claim-arxiv-source__2026-03-17.tex,/Users/thomasbirnie/Research-Consolidation/Millennium Prize Problems/Navier-Stokes/Consolidated-NS-TEX-PDF-Corpus/appendix__navier-stokes-full-claim-arxiv-source__2026-03-17.tex
moved_clean_recovery,tar_entry,problem_tree_submission_package,/Users/thomasbirnie/Research-Consolidation/problems/navier-stokes/external-paper/dist/navier-stokes-full-claim-arxiv-source.tar.gz,/Users/thomasbirnie/Research-Consolidation/problems/navier-stokes/external-paper/dist/navier-stokes-full-claim-arxiv-source.tar.gz,sections/bridge-compactness.tex,2026-03-17T22:49:57.219360+00:00,fragment_tex,0279c29ea2f3938c66bbf25ea05997cfd6f391579a29c9c5bf571b211c93b617,bridge-compactness.tex,/Users/thomasbirnie/Research-Consolidation/Millennium Prize Problems/Navier-Stokes/Consolidated-NS-TEX-PDF-Corpus-20260325-103223/tex/bridge-compactness__navier-stokes-full-claim-arxiv-source__2026-03-17.tex,/Users/thomasbirnie/Research-Consolidation/Millennium Prize Problems/Navier-Stokes/Consolidated-NS-TEX-PDF-Corpus/bridge-compactness__navier-stokes-full-claim-arxiv-source__2026-03-17.tex
moved_clean_recovery,tar_entry,problem_tree_submission_package,/Users/thomasbirnie/Research-Consolidation/problems/navier-stokes/external-paper/dist/navier-stokes-full-claim-arxiv-source.tar.gz,/Users/thomasbirnie/Research-Consolidation/problems/navier-stokes/external-paper/dist/navier-stokes-full-claim-arxiv-source.tar.gz,sections/prior-work-limits.tex,2026-03-17T22:49:03.957425+00:00,fragment_tex,fb43d7d620f20d99a29984779b2983cf083f8984fbd747d0d948c08a8259930c,prior-work-limits.tex,/Users/thomasbirnie/Research-Consolidation/Millennium Prize Problems/Navier-Stokes/Consolidated-NS-TEX-PDF-Corpus-20260325-103223/tex/prior-work-limits__navier-stokes-full-claim-arxiv-source__2026-03-17.tex,/Users/thomasbirnie/Research-Consolidation/Millennium Prize Problems/Navier-Stokes/Consolidated-NS-TEX-PDF-Corpus/prior-work-limits__navier-stokes-full-claim-arxiv-source__2026-03-17.tex
moved_clean_recovery,tar_entry,problem_tree_submission_package,/Users/thomasbirnie/Research-Consolidation/problems/navier-stokes/external-paper/dist/navier-stokes-full-claim-arxiv-source.tar.gz,/Users/thomasbirnie/Research-Consolidation/problems/navier-stokes/external-paper/dist/navier-stokes-full-claim-arxiv-source.tar.gz,sections/conclusion.tex,2026-03-17T22:49:03.957652+00:00,fragment_tex,9bf6a289b2925e3695ae589c81c70299335f0026798105cde82570ea51d9ce86,conclusion.tex,/Users/thomasbirnie/Research-Consolidation/Millennium Prize Problems/Navier-Stokes/Consolidated-NS-TEX-PDF-Corpus-20260325-103223/tex/conclusion__navier-stokes-full-claim-arxiv-source__2026-03-17.tex,/Users/thomasbirnie/Research-Consolidation/Millennium Prize Problems/Navier-Stokes/Consolidated-NS-TEX-PDF-Corpus/conclusion__navier-stokes-full-claim-arxiv-source__2026-03-17.tex
moved_clean_recovery,tar_entry,problem_tree_submission_package,/Users/thomasbirnie/Research-Consolidation/problems/navier-stokes/external-paper/dist/navier-stokes-full-claim-arxiv-source.tar.gz,/Users/thomasbirnie/Research-Consolidation/problems/navier-stokes/external-paper/dist/navier-stokes-full-claim-arxiv-source.tar.gz,sections/bridge-gradient-control.tex,2026-03-17T22:49:03.957042+00:00,fragment_tex,2057953f1ee067442dc51e815d588c352b1f730eefd2a22082332ae5a28dabf3,bridge-gradient-control.tex,/Users/thomasbirnie/Research-Consolidation/Millennium Prize Problems/Navier-Stokes/Consolidated-NS-TEX-PDF-Corpus-20260325-103223/tex/bridge-gradient-control__navier-stokes-full-claim-arxiv-source__2026-03-17.tex,/Users/thomasbirnie/Research-Consolidation/Millennium Prize Problems/Navier-Stokes/Consolidated-NS-TEX-PDF-Corpus/bridge-gradient-control__navier-stokes-full-claim-arxiv-source__2026-03-17.tex
moved_clean_recovery,tar_entry,problem_tree_submission_package,/Users/thomasbirnie/Research-Consolidation/problems/navier-stokes/external-paper/dist/navier-stokes-full-claim-arxiv-source.tar.gz,/Users/thomasbirnie/Research-Consolidation/problems/navier-stokes/external-paper/dist/navier-stokes-full-claim-arxiv-source.tar.gz,sections/abstract.tex,2026-03-17T22:49:03.955805+00:00,fragment_tex,6ee27e9333d3adedb010b371e49286a1bf88cf6f04176f0792dd40ae8652de2b,abstract.tex,/Users/thomasbirnie/Research-Consolidation/Millennium Prize Problems/Navier-Stokes/Consolidated-NS-TEX-PDF-Corpus-20260325-103223/tex/abstract__navier-stokes-full-claim-arxiv-source__2026-03-17.tex,/Users/thomasbirnie/Research-Consolidation/Millennium Prize Problems/Navier-Stokes/Consolidated-NS-TEX-PDF-Corpus/abstract__navier-stokes-full-claim-arxiv-source__2026-03-17.tex
moved_clean_recovery,tar_entry,problem_tree_submission_package,/Users/thomasbirnie/Research-Consolidation/problems/navier-stokes/external-paper/dist/navier-stokes-full-claim-arxiv-source.tar.gz,/Users/thomasbirnie/Research-Consolidation/problems/navier-stokes/external-paper/dist/navier-stokes-full-claim-arxiv-source.tar.gz,sections/introduction.tex,2026-03-17T22:49:03.956205+00:00,fragment_tex,d0d3edc7d9b490069ec6b8bf47ec6b05b1806eb42470a76701760fda3660dba2,introduction.tex,/Users/thomasbirnie/Research-Consolidation/Millennium Prize Problems/Navier-Stokes/Consolidated-NS-TEX-PDF-Corpus-20260325-103223/tex/introduction__navier-stokes-full-claim-arxiv-source__2026-03-17.tex,/Users/thomasbirnie/Research-Consolidation/Millennium Prize Problems/Navier-Stokes/Consolidated-NS-TEX-PDF-Corpus/introduction__navier-stokes-full-claim-arxiv-source__2026-03-17.tex
moved_clean_recovery,tar_entry,problem_tree_submission_package,/Users/thomasbirnie/Research-Consolidation/problems/navier-stokes/external-paper/dist/navier-stokes-full-claim-arxiv-source.tar.gz,/Users/thomasbirnie/Research-Consolidation/problems/navier-stokes/external-paper/dist/navier-stokes-full-claim-arxiv-source.tar.gz,sections/main-proof.tex,2026-03-17T22:49:57.219460+00:00,fragment_tex,a8a70904dd8e65692f5aea09de26e89c62c6f7835b36f8de6d81a00947720e49,main-proof.tex,/Users/thomasbirnie/Research-Consolidation/Millennium Prize Problems/Navier-Stokes/Consolidated-NS-TEX-PDF-Corpus-20260325-103223/tex/main-proof__navier-stokes-full-claim-arxiv-source__2026-03-17.tex,/Users/thomasbirnie/Research-Consolidation/Millennium Prize Problems/Navier-Stokes/Consolidated-NS-TEX-PDF-Corpus/main-proof__navier-stokes-full-claim-arxiv-source__2026-03-17.tex
moved_clean_recovery,tar_entry,problem_tree_submission_package,/Users/thomasbirnie/Research-Consolidation/problems/navier-stokes/external-paper/dist/navier-stokes-full-claim-arxiv-source.tar.gz,/Users/thomasbirnie/Research-Consolidation/problems/navier-stokes/external-paper/dist/navier-stokes-full-claim-arxiv-source.tar.gz,sections/bridge-scale-barrier.tex,2026-03-17T22:49:32.421702+00:00,fragment_tex,da272c13290bddf8769a0ff6495e135758ce34d41bd33e4ad367707be1a0e40f,bridge-scale-barrier.tex,/Users/thomasbirnie/Research-Consolidation/Millennium Prize Problems/Navier-Stokes/Consolidated-NS-TEX-PDF-Corpus-20260325-103223/tex/bridge-scale-barrier__navier-stokes-full-claim-arxiv-source__2026-03-17.tex,/Users/thomasbirnie/Research-Consolidation/Millennium Prize Problems/Navier-Stokes/Consolidated-NS-TEX-PDF-Corpus/bridge-scale-barrier__navier-stokes-full-claim-arxiv-source__2026-03-17.tex
moved_clean_recovery,tar_entry,problem_tree_submission_package,/Users/thomasbirnie/Research-Consolidation/problems/navier-stokes/external-paper/dist/navier-stokes-full-claim-arxiv-source.tar.gz,/Users/thomasbirnie/Research-Consolidation/problems/navier-stokes/external-paper/dist/navier-stokes-full-claim-arxiv-source.tar.gz,sections/main-result.tex,2026-03-17T22:49:57.219194+00:00,fragment_tex,7395cd0c578f7e050132ef4c64525be7d0c43e9eb25a6e748d0298ce1152ae00,main-result.tex,/Users/thomasbirnie/Research-Consolidation/Millennium Prize Problems/Navier-Stokes/Consolidated-NS-TEX-PDF-Corpus-20260325-103223/tex/main-result__navier-stokes-full-claim-arxiv-source__2026-03-17.tex,/Users/thomasbirnie/Research-Consolidation/Millennium Prize Problems/Navier-Stokes/Consolidated-NS-TEX-PDF-Corpus/main-result__navier-stokes-full-claim-arxiv-source__2026-03-17.tex
moved_clean_recovery,tar_entry,problem_tree_submission_package,/Users/thomasbirnie/Research-Consolidation/problems/navier-stokes/external-paper/dist/navier-stokes-full-claim-journal-package.tar.gz,/Users/thomasbirnie/Research-Consolidation/problems/navier-stokes/external-paper/dist/navier-stokes-full-claim-journal-package.tar.gz,main.pdf,2026-03-17T22:50:04.254719+00:00,pdf_output,c1e5236dc1b9d85ec4e987753acaf921baa046b7d8e52c437aefe8302884bf00,main.pdf,/Users/thomasbirnie/Research-Consolidation/Millennium Prize Problems/Navier-Stokes/Consolidated-NS-TEX-PDF-Corpus-20260325-103223/pdf/main__navier-stokes-full-claim-journal-package__2026-03-17.pdf,/Users/thomasbirnie/Research-Consolidation/Millennium Prize Problems/Navier-Stokes/Consolidated-NS-TEX-PDF-Corpus/main__navier-stokes-full-claim-journal-package__2026-03-17.pdf
manual_filesystem_addition,filesystem,my_project_priority,/Users/thomasbirnie/my_project/project-documents/priority/Comparisons to Known Results.pdf,,,2025-01-13T00:00:02+00:00,pdf_output,d593bd21eb87266b96abcc6bccbe81a7fa1e0f1f6fef7931ca44fc5315fc4fc2,Comparisons to Known Results.pdf,/Users/thomasbirnie/Research-Consolidation/Millennium Prize Problems/Navier-Stokes/Consolidated-NS-TEX-PDF-Corpus-20260325-103223/pdf/Comparisons to Known Results__my_project_priority__2025-01-13.pdf,/Users/thomasbirnie/Research-Consolidation/Millennium Prize Problems/Navier-Stokes/Consolidated-NS-TEX-PDF-Corpus/Comparisons to Known Results__my_project_priority__2025-01-13.pdf
manual_filesystem_addition,filesystem,my_project_priority,/Users/thomasbirnie/my_project/project-documents/priority/Section 4- Non-Sobolev Compactness.pdf,,,2025-01-13T00:17:52+00:00,pdf_output,53e6e934dc4d83787c21b8ebf37c6f1eb638be9c9253108d44151236dc76c8b5,Section 4- Non-Sobolev Compactness.pdf,/Users/thomasbirnie/Research-Consolidation/Millennium Prize Problems/Navier-Stokes/Consolidated-NS-TEX-PDF-Corpus-20260325-103223/pdf/Section 4- Non-Sobolev Compactness__my_project_priority__2025-01-13.pdf,/Users/thomasbirnie/Research-Consolidation/Millennium Prize Problems/Navier-Stokes/Consolidated-NS-TEX-PDF-Corpus/Section 4- Non-Sobolev Compactness__my_project_priority__2025-01-13.pdf
manual_filesystem_addition,filesystem,my_project_priority,/Users/thomasbirnie/my_project/project-documents/priority/Unifying Stability in PDEs- A Single Invariance Perspective.pdf,,,2025-01-12T22:42:44+00:00,pdf_output,33e9ebbcf81a6a2272f2d743371935bf712cca73dcf79eca023ed9fe3031f4ef,Unifying Stability in PDEs- A Single Invariance Perspective.pdf,/Users/thomasbirnie/Research-Consolidation/Millennium Prize Problems/Navier-Stokes/Consolidated-NS-TEX-PDF-Corpus-20260325-103223/pdf/Unifying Stability in PDEs- A Single Invariance Perspective__my_project_priority__2025-01-12.pdf,/Users/thomasbirnie/Research-Consolidation/Millennium Prize Problems/Navier-Stokes/Consolidated-NS-TEX-PDF-Corpus/Unifying Stability in PDEs- A Single Invariance Perspective__my_project_priority__2025-01-12.pdf
manual_zip_addition,zip_entry,desktop_zip_working_directory,/Users/thomasbirnie/Desktop/Screenshot/Navier-stokes.zip,/Users/thomasbirnie/Desktop/Screenshot/Navier-stokes.zip,Toward Global Regularity for NavierΓÇôStokes Equations.tex,2025-01-17T06:33:54+00:00,standalone_tex,d9687de988ea1506eb5dd1703f11abc4255fe03f2de51db7df6a4767f191c6b6,Toward Global Regularity for Navier-Stokes Equations.tex,/Users/thomasbirnie/Research-Consolidation/Millennium Prize Problems/Navier-Stokes/Consolidated-NS-TEX-PDF-Corpus-20260325-103223/tex/Toward Global Regularity for NavierCoStokes Equations__desktop_navier_stokes_zip__2025-01-17.tex,/Users/thomasbirnie/Research-Consolidation/Millennium Prize Problems/Navier-Stokes/Consolidated-NS-TEX-PDF-Corpus/Toward Global Regularity for Navier-Stokes Equations__desktop_navier_stokes_zip__2025-01-17.tex
